artists,total_artist_count
Ella Fitzgerald,112
Criolo,64
Red Hot Chili Peppers,59
Kato,56
Greensky Bluegrass,55
Jorge Drexler,52
Los Amigos Invisibles,49
The Neighbourhood,47
Chuck Berry,46
Ludovico Einaudi,41
Jason Mraz,41
Sleeping At Last,40
Weezer,40
ENHYPEN,39
The Score,38
Plastilina Mosh,38
Trampled by Turtles,38
Hiroyuki Sawano,37
The 1975,37
Marilyn Manson,37
Cigarettes After Sex,35
Alison Krauss & Union Station,35
Novo Amor,35
Little Symphony,35
BaianaSystem,35
Charlie Brown Jr.,34
GAYLE,33
Royal Blood,32
Linkin Park,32
Rob Zombie,32
Official HIGE DANdism,30
The Avett Brothers,29
Hypocrisy,29
Maneva,29
Slank,29
Samuel Kim,29
Yonder Mountain String Band,27
The Infamous Stringdusters,27
Boyce Avenue,27
Skillet,26
Masaharu Fukuyama,26
Nickel Creek,26
O Rappa,25
Eve,25
Samael,25
Flower Face,23
Counting Crows,23
Kijugo,23
The Steeldrivers,22
The Wood Brothers,22
Behemoth,22
Calle 13,22
Alexis Ffrench,22
Old Crow Medicine Show,22
Frank Turner,22
No Doubt,21
Nirvana,20
Smash Mouth,20
Balsam Range,20
Bishop Briggs,20
Days N Daze,20
Gabrielle Aplin,20
The Killers,19
Cradle Of Filth,19
Jor'dan Armstrong,19
KALEO,19
Rotting Christ,19
Samuca e a Selva,18
Toxic Holocaust,18
Los Prisioneros,18
Therion,18
LiSA,18
Legião Urbana,17
Jimmy Eat World,17
Project AER;v i v,17
Zayde Wølf,17
Moonspell,17
Månegarm,17
JJ Heller,17
Otis Redding,17
The Devil Makes Three,17
The Black Keys,16
Bella Poarch,16
Zack Tabudlo,16
Max Richter,16
Blind Melon,16
Eddie Vedder,16
Yasuharu Takanashi,16
Jóhann Jóhannsson,16
Radiohead,16
aswekeepsearching,16
Detonautas Roque Clube,16
Las Pastillas del Abuelo,16
Nina Simone,16
Fitz and The Tantrums,16
Kina Grannis,15
Mrs. GREEN APPLE,15
Neon Trees,15
Brian Eno,15
The Budos Band,15
Aimer,15
FKA twigs,15
Fabrizio Paterlini,14
Midnight,14
Hugh Masekela,14
Punch Brothers,14
Andrew Belle,14
Eisregen,14
Darkthrone,14
Cage The Elephant,14
Adam Jensen,14
Ella Fitzgerald;Louis Armstrong,14
Florence + The Machine,14
3 Doors Down,13
Winds of Plague,13
Oliver Tree,13
Alcest,13
Newen Afrobeat,13
Jackie Mittoo,13
Flatt & Scruggs,13
Tony Anderson,13
Padre Fábio De Melo,13
Bersuit Vergarabat,13
The Civil Wars,13
Juanafé,13
Jonah Baker,13
Kvelertak,13
Los Caligaris,12
Kenshi Yonezu,12
Wolves In The Throne Room,12
Gustavo Santaolalla,12
Volbeat,12
The Killers;Ryan Pardey,12
Raimu,12
Inquisition,12
Andrés Calamaro,12
The Wailin' Jennys,12
Lynyrd Skynyrd,12
Ikebe Shakedown,12
Aline Barros,12
LIK,12
Ralph Stanley,12
Metá Metá,12
Patricio Rey y sus Redonditos de Ricota,12
Joep Beving,12
Megadeth,12
Kitchen Dwellers,12
Town Mountain,11
Watchhouse,11
Bicep,11
Truchło Strzygi,11
Enjambre,11
Otaku,11
Macaroni Empitsu,11
Dimmu Borgir,11
Aphex Twin,11
Eric Burdon,11
Jerry Garcia Band;Jerry Garcia,11
Evanescence,11
Pickin' On Series;Iron Horse,11
Chord Overstreet,11
Pickin' On Series,11
KT Tunstall,11
Hanare Gumi,11
Ray LaMontagne,11
Sarah Jarosz,11
Stephan Moccio,11
Andrew Foy;Renee Foy,11
Racionais MC's,11
The Changcuters,11
Nickelback,10
El Michels Affair,10
Wolfmother,10
grandson,10
Los Rodriguez,10
The Verve,10
Bucovina,10
Ólafur Arnalds,10
Gerson Rufino,10
The Mayries,10
Deafheaven,10
Anaal Nathrakh,10
William Onyeabor,10
R.E.M.,10
Devil Master,10
Primordial,10
Canyon City,10
The Lil Smokies,10
Zoé,10
Criolo;Emicida,10
Os Paralamas Do Sucesso,10
Chris Tomlin,10
Rustage,10
Enslaved,10
Lonesome River Band,10
Yann Tiersen,9
Khantrast,9
Hideki Taniuchi,9
Zé Ramalho,9
Fountains Of Wayne,9
Brandi Carlile,9
Andy Thorn,9
Siouxsie and the Banshees,9
Sólstafir,9
Us The Duo,9
Blind Faith,9
Mon Laferte,9
Ben Woodward,9
Avenged Sevenfold,9
Mandrill,9
Linked Horizon,9
Bacao Rhythm & Steel Band,9
Kensuke Ushio,9
Tim Maia,9
Mahalia,9
Sarcófago,9
Fernandinho,9
Kid Abelha,9
Get Dead,9
Manu Dibango,9
Windir,9
J.J. Cale,9
Los Bunkers,9
The White Stripes,9
The Strokes,9
Tucka,9
Parachute,9
The Bridge City Sinners,9
Afrocidade,9
Royal & the Serpent,9
Gabriel Brito,9
The Shins,8
Marduk,8
Old Man's Child,8
Ingrid Michaelson,8
Ben Rector,8
Max Richter;Daniel Hope;Konzerthaus Kammerorchester Berlin;Andre de Ridder,8
Ali Farka Touré;Toumani Diabaté,8
Joe Hisaishi,8
Panteon Rococo,8
Suy Galvez,8
UVERworld,8
Wood & Wire,8
Los Enanitos Verdes,8
Ikimonogakari,8
Nando Reis,8
SPYAIR,8
Yuki Hayashi,8
Keyblade,8
Entombed,8
Jota Quest,8
Imperialist,8
Abel Korzeniowski,8
AJJ,8
Blue Highway,8
Ray Charles,8
Deicide,8
Frei Gilson,8
Novo Amor;Ed Tullett;Lowswimmer,8
Nils Frahm,8
KOHTA YAMAMOTO,8
Avhath,8
ConeCrewDiretoria,8
Brandi Carlile;Lucius,8
Hildur Guðnadóttir,8
Armandinho,8
Hot Rize,8
B.B. King,8
Yeah Yeah Yeahs;A-Trak,8
Soundgarden,8
Bernard Adamus,8
La Mississippi,8
Etta James,8
BURNOUT SYNDROMES,8
Deep Purple,8
Solomon Burke,8
Disturbed,8
Peter Sandberg,8
Slipknot,8
Mazzy Star,8
Khold,8
Faith No More,8
Burzum,7
Doc Watson;David Grisman,7
Young the Giant,7
Old & In The Way,7
Holly Humberstone,7
Marconi Union,7
Portrayal of Guilt,7
Orquestra Brasileira de Música Jamaicana,7
Bethel Music;Jonathan David Helser;Melissa Helser,7
The Poets Of Rhythm,7
Michael Brook;Nusrat Fateh Ali Khan,7
Leftover Salmon,7
Jimi Hendrix,7
End It,7
Watain,7
Aversions Crown,7
Eric Clapton,7
Morbo y Mambo,7
Yugo Kanno,7
John Adams,7
Chris Rea,7
FLOW,7
Amadou & Mariam,7
J.D. Crowe & The New South,7
Sam Tinnesz,7
MGMT,7
Tinariwen,7
Doc Watson,7
Gen Hoshino,7
ZZ Top,7
Fresno,7
Bathory,7
Blur,7
Steve Miller Band,7
Satyricon,7
Padre Marcelo Rossi,7
Gruzja,7
Takehara Pistol,7
A Great Big World,7
3030,7
Babasónicos,7
Eels,7
Akira Kosemura,7
Sir Charles Jones,7
Sara Farell,7
Charly García,7
Sara Bareilles,7
Joshua Hyslop,7
Whitesnake,7
Tony Rice Unit,7
Frejat,7
Simon Wester,7
Romperayo,6
Yoshihisa Hirano,6
Pato Fu,6
Tony Allen,6
Mayhem,6
Dark Funeral,6
Bethel Music;Jenn Johnson,6
Memphis La Blusera,6
Adam Christopher,6
AFI,6
The Del McCoury Band,6
Yasuharu Takanashi;YAIBA,6
The Travelin' McCourys,6
Raul Seixas,6
Mipso,6
The Smashing Pumpkins,6
Jungle Fire,6
Billie Holiday,6
Matanza,6
Eddie Neblett,6
NX Zero,6
Deströyer 666,6
GAYLE;The Wild,6
Colo de Deus,6
Gorillaz,6
Railroad Earth,6
MARINA,6
Arno,6
Dario Marianelli;Jean-Yves Thibaudet,6
ReoNa,6
美波,6
Snoh Aalegra,6
La Misa Negra,6
Esteman,6
Hoobastank,6
Matt Redman,6
Rachael Yamagata,6
La Ley,6
Morbid Angel,6
Feora,6
Orgone,6
Ludovico Einaudi;Daniel Hope;I Virtuosi Italiani,6
Queens of the Stone Age,6
The Po' Ramblin' Boys,6
Sturgill Simpson,6
FKA twigs;The Weeknd,6
CHiCO with HoneyWorks,6
Manes,6
Los Abuelos De La Nada,6
Hayseed Dixie,6
Keller & The Keels,6
White Zombie,6
Bailey Jehl,6
Belle,6
Bullet For My Valentine,6
Harley Poe,6
Oh The Larceny,6
Albert King,6
Steep Canyon Rangers,6
Adrian Barba,6
Foo Fighters,6
Greta Van Fleet,6
Los Hermanos,6
Shinedown,6
Aron Wright,5
BK;El Lif Beatz,5
1349,5
Oficina G3,5
Moonsorrow,5
Biquini Cavadão,5
Natiruts,5
Watt White,5
Lauren Daigle,5
Myrkur,5
Rose Nascimento,5
Vaudou Game,5
Julien Baker;Phoebe Bridgers;Lucy Dacus,5
Bandalos Chinos,5
Evan Call,5
T.K. Soul,5
Incantation,5
Leviathan,5
Joshua Radin,5
Creed,5
KANA-BOON,5
Larry Sparks,5
Bea Miller,5
Jon Hopkins,5
Halestorm,5
Mohan,5
Menahan Street Band,5
Lulu Santos,5
La 25,5
Immortal,5
The Offspring,5
Kupla,5
Cymande,5
Duman,5
Ruel,5
Sayuri,5
Jimmy Martin,5
Ricardo Silva,5
Witchery,5
Mandragora,5
TK from Ling tosite sigure,5
Joe Cocker,5
Don L,5
Rose Funeral,5
Deftones,5
Cream,5
The Knocks;Rivers Cuomo;Royal & the Serpent,5
Rosa de Saron,5
The Cramps,5
Walmir Alencar,5
Voilaaa;Pat Kalla,5
ORM,5
Whoredom Rife,5
NICO Touches the Walls,5
Norman Blake,5
Genevieve Stokes,5
Regarde Les Hommes Tomber,5
Baby Tate,5
Maxence Cyrin,5
Barão Vermelho,5
The Stanley Brothers,5
Cássia Eller,5
MegaR,5
I AM,5
Tiamat,5
Charlie Parr,5
Ricky Skaggs,5
Salif Keita,5
QUITAPENAS,5
Johnnyswim,5
Yung Buda,5
Elephant Revival,5
Hania Rani;Dobrawa Czocher,5
Ludovico Einaudi;Robert Ziegler;Royal Philharmonic Orchestra,5
Boards of Canada,5
Los Tipitos,5
Fleshgod Apocalypse,5
Aimyon,5
Bethel Music;Steffany Gretzinger,5
Front Porch Step,5
Ice Nine Kills,5
Bölzer,5
Carnifex,5
Barns Courtney,5
Grouper,5
Projota,5
THE ANXIETY;WILLOW;Tyler Cole,5
[Alexandros],5
Dissection,5
Johnnie Taylor,5
Mulatu Astatke,5
Gondwana,5
Wormwood,5
Tennessee Ernie Ford,5
The Who,5
Yutaka Yamada,5
Carpathian Forest,5
The Dynamics,5
Pantera,5
Bryce Fox,5
Air,5
Jefferson & Suellen,5
Kurt Cobain,5
The New Mastersounds,5
Wiegedood,5
Violent Femmes,5
The Phantoms,5
Kavinsky,5
The Seige,5
Belphegor,5
Blue Moon Rising,5
WANDS,5
Gavin Luke,5
Jean-Michel Blais,5
EGOIST,5
Doblecero,5
Astronoid,5
The Souljazz Orchestra,5
Tan Bionica,5
Joy Division,5
Derek & The Dominos,5
The Kentucky Colonels,5
La Vela Puerca,5
Vreid,5
Ministério Adoração e Vida,5
Thousand Foot Krutch,5
Dailey & Vincent,5
Cassiane,5
The Bamboos,5
Orchestra Baobab,5
Freddie King,5
System Of A Down,5
Carbon Based Lifeforms,5
Lafayette Afro Rock Band,4
Stringbean,4
The Afters,4
Atlanta Rhythm Section,4
Five For Fighting,4
Lifehouse,4
Steppenwolf,4
Midian Lima,4
Masayoshi Yamazaki,4
Orquestra Voadora,4
Weezer;AJR,4
Titãs,4
X Ambassadors,4
Freddie Gibbs;Moneybagg Yo,4
Nívea Soares,4
Moderatto,4
J Prince,4
Moliy,4
Atreyu,4
Vickeblanka,4
Cidergirl,4
Matthew West,4
Otaku;LoFi Waiter,4
P.O.D.,4
Estelares,4
Thomas Daniel,4
Lambert,4
Pigeon Pit,4
the peggies,4
Drew Holcomb & The Neighbors,4
Howie Day,4
Pixies,4
Clarence White,4
Wood Belly,4
Dustin O'Halloran,4
Alter Bridge,4
Aretha Franklin,4
Poets of the Fall,4
Peter Gregson;Daniel Pioro;Grace Davidson;Clara Sanabras;Hannah Cooke,4
Isadora Pompeo,4
Voz da Verdade,4
桶狭間ありさ,4
SID,4
Sodom,4
Chad Lawson,4
10cc,4
Gabriel Guedes de Almeida,4
Vida Reluz,4
Der Weg einer Freiheit,4
Tim Halperin,4
Leandro Borges,4
Dazaranha,4
Mree,4
Keller Williams,4
Xanthochroid,4
Dinah Washington,4
Woods Of Ypres,4
Reno & Smiley,4
sumika,4
Leon Bridges,4
Clint Mansell,4
John Hartford,4
Mountain Sprout,4
Sukima Switch,4
The Weepies;Deb Talan;Steve Tannen,4
Empire of the Sun,4
Dustin O'Halloran;Bryan Senti,4
Cruel Force,4
Jet,4
Staind,4
Leeland,4
Carolina Chocolate Drops,4
John Frusciante,4
Korn,4
Split Lip Rayfield,4
Ali Farka Touré,4
Cadaveria,4
Padre Zeca,4
Naglfar,4
Newfound Road,4
The Band,4
MUSASHI PROJECT,4
Dominic Fike;Zendaya,4
Olivia Belli,4
Motohiro Hata,4
Whitefield Brothers,4
Los Gardelitos,4
BigRicePiano,4
Louis Prima;Sam Butera & The Witnesses,4
Stephen Speaks,4
Mercuzio Pianist,4
Santana,4
Jeremy Camp,4
Agalloch,4
Shinsei Kamattechan,4
amazarashi,4
Forfun,4
Dorothy,4
Elle King,4
Roses & Frey,4
Elis Regina,4
Lack Of Afro,4
Antônio Carlos Jobim,4
Amber Leigh Irish,4
ASIAN KUNG-FU GENERATION,4
Divididos,4
Damares,4
Sepultura,4
Jon Bryant,4
Los Piojos,4
Bastiancortesxv,4
Ondatrópica,4
Grouplove,4
Cliff Martinez,4
Bewitcher,4
Lukas Agustinho,4
Ross Copperman,4
Godsmack,4
Impaled Nazarene,4
Breakestra,4
Carlos Cipa,4
Brandi Carlile;Sam Smith,4
Pearl Jam,4
majiko,4
Rainbow,4
Gary Moore,4
Black Alien,4
The Killers;Toni Halliday,4
Horn,4
Fats Domino,4
Porcupine Tree,4
A Great Big World;Christina Aguilera,4
Ichiko Aoba,4
Oliver Tree;Robin Schulz,4
Fery,4
Kari Jobe,4
Teyana Taylor,4
The Bluegrass Album Band,4
lovelytheband,4
Emperor,4
Flatt Lonesome,4
WALK THE MOON,4
Fela Kuti,4
Dmitri Shostakovich;Ares Trio,4
Antichrist Siege Machine,4
Um Barril de Rap,4
Sonny Boy Williamson II,4
City Wolf,4
Marcelo Falcão,4
Sargeist,4
Steve Martin;Steep Canyon Rangers,4
Della Mae,4
Stevie Ray Vaughan,4
Foghorn Stringband,4
The Osborne Brothers,4
Sam Tinnesz;Yacht Money,4
The Dillards,4
Counting Crows;Vanessa Carlton,4
Mile Twelve,4
The Perishers,4
Gail Blanco,4
Mone Kamishiraishi,4
Helios,4
Brambles,4
Ramshackle Glory,3
Hugar,3
RENT STRIKE,3
Al Green,3
Planet Hemp,3
Kitri,3
Wganda Kenya,3
LaMorris Williams,3
Lil' Kim,3
Howlin' Wolf,3
Zarcort,3
Meitei,3
Dzem,3
Eliana Ribeiro,3
BaianaSystem;Claudia Manzo,3
Kid Rock;Sheryl Crow;Bob Seger,3
kurochuu.,3
Anderson Freire,3
BaianaSystem;BNegão,3
Bibio,3
Caifanes,3
Crystal Castles,3
Cö Shu Nie,3
BK;JXNV$,3
Ernest Ranglin,3
Letta Mbulu,3
Gabríel Ólafs,3
Aqua Timez,3
Xamã;Bagua Records;Neo Beats,3
La Roux,3
STEREO DIVE FOUNDATION,3
Sideline,3
Allman Brothers Band,3
Fabiana Sinfrônio,3
Marquinhos Gomes,3
Julien Baker,3
White Ward,3
The Doobie Brothers,3
Ashes Remain,3
Bachman-Turner Overdrive,3
Chuck Ragan,3
Crooked Still,3
Trazendo a Arca,3
Guus Dielissen,3
Furia,3
Max Richter;Daniel Hope;Raphael Alpermann;Konzerthaus Kammerorchester Berlin;Andre de Ridder,3
Isaias Saad,3
CalledOut Music,3
Breaking Grass,3
Irma Thomas,3
Taj Mahal,3
Voilaaa,3
The Miracles,3
Akitsa,3
Sarastus,3
Yosui Inoue,3
In Twilight's Embrace,3
Manu Dibango;Cuarteto Patria,3
Flora Matos,3
Reol,3
Satoshi Takebe,3
Blue Öyster Cult,3
Audioslave,3
Ajattara,3
Fernanda Brum,3
Fallujah,3
Molotov,3
Sara Watkins,3
Ultraje a Rigor,3
Jaron Nurse,3
You'll Never Get to Heaven,3
Karen Wolfe,3
Doyle Lawson & Quicksilver,3
Catedral,3
Saint Motel,3
Lou Rawls,3
Angeloh,3
Mattia Vlad Morleo,3
Mischief Brew,3
Christian Löffler,3
Bethel Music;We The Kingdom,3
The Heavy,3
"Crosby, Stills & Nash",3
I'm With Her;Sara Watkins;Sarah Jarosz;Aoife O'Donovan,3
Tyler Ward,3
Wishbone Ash,3
Sanctus Real,3
Stuart Duncan;Edgar Meyer;Chris Thile;Yo-Yo Ma,3
Miliyah,3
Curren$y,3
Limoblaze;Ada Ehi,3
Mastodon,3
Tony Allysson,3
Justine Skye;Tyga,3
Luke Howard,3
SCANDAL,3
Ron Pope,3
Chris Cresswell,3
Ocote Soul Sounds,3
MISSIO,3
Matt Nathanson,3
Os Paralamas Do Sucesso;Pitty,3
The Adams,3
Lauriete,3
Victor Rice,3
Janelle Monáe,3
Joseph Sullinger,3
Jhonas Serra,3
Edson Gomes,3
Juanafé;La Flor del Recuerdo,3
Rustage;McGwire,3
Nordjevel,3
Horseshoes & Hand Grenades,3
Tyrone Wells,3
Zee Avi,3
Rage Against The Machine,3
Adlomusic,3
Sadness,3
Boyce Avenue;Bea Miller,3
Negator,3
Witchtrap,3
Kiko Dinucci e Bando Afro Macarrônico,3
The EverLove,3
PianoDeuss,3
Franz Ferdinand,3
Chris Thile,3
Gabriela Rocha,3
Leoni,3
Carach Angren,3
Atomirotta,3
Eyshila,3
Guasones,3
Greg Laswell,3
Grupo Fantasma,3
Chatham County Line,3
Eydís Evensen,3
Exciter,3
Conociendo Rusia,3
Angelmaker,3
Daddyphatsnaps,3
Yann Tiersen;Alessandro Simonetto,3
Esterly;Austin Jenckes,3
Dominic Fike,3
frad,3
Make Them Suffer,3
Hackensaw Boys,3
Rammstein,3
Mork,3
Hulder,3
Kruger Brothers,3
Caê,3
Sharyn,3
Royal Deluxe,3
Thiago França,3
James Heather,3
MAN WITH A MISSION,3
Valesca Mayssa,3
Yosui Inoue;Tamio Okuda,3
大原ゆい子,3
Hammock,3
Tony Rice,3
The Sorcerers,3
Marizu,3
BLUE ENCOUNT,3
Dario Marianelli,3
Sakura Fujiwara,3
Status Quo,3
Juliano Son,3
Keaton Henson,3
Mulatu Astatke;The Heliocentrics,3
Kiro Akiyama,3
Deise do Vale,3
JAM Project,3
Hot Buttered Rum,3
Hikaru Utada,3
神崎エルザ,3
Los Pirañas,3
Andrew Marlin,3
Matt Costa,3
The Kovenant,3
Bixiga 70,3
Murica;BEATDOMK,3
Serú Girán,3
Apparat,3
ACN Music.,3
Dario Marianelli;English Chamber Orchestra;Benjamin Wallfisch,3
Gyedu-Blay Ambolley,3
Rustage;Shwabadi;Connor Quest!,3
Cold War Kids,3
Samuel Messias,3
Nazareth,3
Penny and Sparrow,3
Larry Keel,3
Psychonaut 4,3
Sarah Farias,3
Gillian Welch,3
Régis Danese,3
Andrew Ripp,3
SUPER BEAVER,3
Eir Aoi,3
Mortuary Drape,3
Timoneki,3
The Brothers Comatose,3
Federico Albanese,3
Trilha Sonora do Gueto,3
Priscilla Ahn,3
This Will Destroy You,3
John Berry,3
Dan Tyminski,3
El Michels Affair;Piya Malik,3
Tom Day,3
The Moody Blues,3
Nomade Orquestra,3
Bethel Music;Brian Johnson;Jenn Johnson,3
Mindy Smith,3
Nattalia Sarria,3
Eric Johnson,3
Conan,3
Fruition,3
Abayomy Afrobeat Orquestra,3
Phil Wickham,3
Hiroaki Tsutsumi,3
Power From Hell,3
Catupecu Machu,3
Trout Steak Revival,3
The Grascals,3
The Shaolin Afronauts,3
Weslei Santos,3
Max Richter;Mari Samuelsen;Konzerthausorchester Berlin;Jonathan Stockhammer,3
Thin Lizzy,3
Jane's Addiction,2
Maris Racal,2
Galileo Galilei,2
Everybody Loves an Outlaw,2
André Valadão,2
Criolo;Milton Nascimento,2
Monophonics;Kelly Finnigan,2
Ebo Taylor,2
TobyMac;Terrian,2
Quinn Golden,2
Kemuel,2
Palaye Royale,2
Erik Reno,2
Höröyá,2
Lights & Motion,2
Mord'a'Stigmata,2
Pedro Henrique,2
The Killers;Armin van Buuren;Benno De Goeij,2
Ihsahn,2
Sunken,2
Bill Monroe,2
BaianaSystem;Céu,2
Arkona,2
SATV Music,2
Marcus Salles,2
Bigg Robb,2
Nenhum De Nós,2
Central 3,2
Joe Brooks,2
BaianaSystem;Thiago França,2
grandson;King Kavalier,2
Djevel,2
Barns Courtney;Lennon Stella,2
Christian Löffler;Mohna,2
Rob Zombie;Ozzy Osbourne,2
Ludovico Einaudi;Daniel Hope,2
Mance Lipscomb,2
Osibisa,2
Casting Crowns;Matthew West,2
Khantrast;Musicality,2
Survive Said The Prophet,2
Tex Tex,2
Crazy Town,2
René Aubry,2
Darckstar,2
Gabi Sampaio,2
Keb' Mo';Gerald Albright,2
Naotaro Moriyama,2
BaianaSystem;Bule Bule;Rapadura,2
Graveland,2
Project AER,2
Santana;Rob Thomas,2
Klebson Kollins,2
Boyce Avenue;Fifth Harmony,2
Sigh,2
Alison Krauss,2
TJ Cream;Ozoro,2
Bethel Music;Cory Asbury,2
The Boxcars,2
Discopraise,2
Tamio Okuda,2
The Animals,2
Clarice Falcão,2
Antibalas,2
Layto;Neoni,2
Panopticon,2
Rosi Golan,2
Money Chicha,2
Marika Takeuchi,2
Santana;The Product G&B,2
DJ Shadow;Mos Def,2
eill,2
The Doc Watson Family,2
La Renga,2
Isabella Celander,2
Tristan Prettyman,2
Kinky,2
TobyMac;Leigh Nash,2
Kenma,2
Hellripper,2
Donovan Woods,2
TobyMac,2
Arcturus,2
Rob Scallon,2
IIIrd Tyme Out,2
Sued Silva,2
Filip Nordin,2
Andrés Calamaro;Alejandro Sanz,2
Boyce Avenue;Jennel Garcia,2
Kina Grannis;Imaginary Future,2
Los Bunkers;Manuel García,2
Tianastacia,2
I DONT KNOW HOW BUT THEY FOUND ME,2
TOOL,2
Balmorhea,2
Raz Dwa Trzy,2
Sara Farell;Simon Samaeng,2
Papa Roach,2
La Mosca Tse-Tse,2
Machine Head,2
Einherjer,2
David Grier,2
Jozyanne,2
Ciaran Lavery,2
Covers Culture;Acoustic Covers Culture;Lounge Covers Culture Of Popular Songs,2
Slow Meadow,2
Sidiki Diabaté,2
Simon Wester;Rasmus H Thomsen,2
Chewie Melodies,2
Avslut,2
The Rides,2
Ventania,2
Callum J Wright,2
Bailey Pelkman;Randy Rektor,2
Declan McKenna,2
Ella Es Tan Cargosa,2
Mon Laferte;Enrique Bunbury,2
SEKAI NO OWARI,2
Janelle Monáe;Zoë Kravitz,2
Bryan Sutton,2
The Rubber Knife Gang,2
Mato Seco;Circuito Reggae,2
Shirley Carvalhaes,2
Luther Allison,2
Lefties Soul Connection,2
Callejeros,2
Type O Negative,2
Anderson East,2
PG,2
Nathan Angelo,2
Billy Dean,2
Allman Brown,2
Liquid Mind,2
PELICAN FANCLUB,2
Ronnie Bowman,2
"Crosby, Stills, Nash & Young",2
Kleber Lucas,2
Heartless Bastards,2
Ryuichi Sakamoto;Jaques Morelenbaum;Everton Nelson,2
Kballero Rap,2
Rustage;Frazer,2
Eben,2
Bush,2
Bohnes,2
Unleashed,2
Béla Fleck;Sam Bush;Jerry Douglas;Stuart Duncan;Mark O'Connor;Tony Rice;Mark Schatz,2
Richard Walters,2
BaianaSystem;Bule Bule,2
SawanoHiroyuki[nZk];mizuki,2
中野家の五つ子,2
Bad Livers,2
Lee DeWyze,2
Casting Crowns,2
Missionário Shalom,2
SawanoHiroyuki[nZk];Laco,2
Ysabelle Cuevas,2
The Rice Brothers,2
Nomade Orquestra;Edgar,2
TRUE,2
Scracho,2
No Te Va Gustar,2
Bethel Music;Amanda Cook,2
Aaron Espe,2
The Mauskovic Dance Band,2
Fitz and The Tantrums;Dave Audé,2
Ludovico Einaudi;Amsterdam Sinfonietta,2
Animelmack,2
The Osborne Brothers;Mac Wiseman,2
Humberto Gessinger,2
Marilina Bertoldi,2
Arrested Youth,2
Necrophobic,2
Matt Maher,2
Taku Iwasaki,2
Steve Ivey,2
Raphael Lake;Royal Baggs,2
Son&Dad;Filip Nordin,2
Criolo;Emicida;Mano Brown,2
Rory Block,2
MADKID,2
Eve;suis from Yorushika,2
Casa Worship;Julliany Souza,2
Buddy Guy;Bonnie Raitt,2
Kris Allen,2
Hinder,2
LUCHS;Patrik Berg Almkvisth,2
Lantlôs,2
Gabriel Elias,2
Kapanga,2
Erland Cooper,2
KANKAKU PIERO,2
Matt Johnson,2
Andrés Calamaro;Carlos Vives,2
Three Days Grace,2
Ryuichi Sakamoto;Lang Lang,2
Kiara Vitória,2
Armandinho;Vitor Isensee,2
Rehmahz;Oba Reengy,2
Amaarae;Kali Uchis;Moliy,2
Canned Heat,2
Clem Leek,2
Thurisaz,2
Graveworm,2
Rory Gallagher,2
Star Feminine Band,2
Girma Bèyènè;Akalé Wubé,2
Drowning Pool,2
いとうかなこ,2
LJ Echols,2
Maria Del Sol,2
Goodnight Fellows,2
Konomi Suzuki,2
Joy Williams,2
La Cumbia Chicharra,2
Brownout;Brown Sabbath,2
Gece,2
Béla Fleck,2
Xamã;Bagua Records;Gustah;Irineu Barsé,2
Eric Hutchinson,2
The Lonely Heartstring Band,2
Three Dog Night,2
Tyler Ward;Karis;Ray Lorraine,2
Hole,2
Breaking Benjamin,2
Moliy;Moonchild Sanelly,2
Willyecho,2
Mother's Daughter;Beck Pete,2
Mat Kearney,2
Julieta Venegas,2
The Technicolors,2
Steve Martin;Edie Brickell,2
The Stooges,2
Terry Wright,2
Dave Van Ronk,2
Anthrax,2
Limp Bizkit,2
Alison Krauss;John Waite,2
Avail Hollywood,2
Bobby Day,2
Becca Folkes,2
Fejká,2
Fredy Miller,2
Mörk Gryning,2
Allen Toussaint,2
Froid;Cynthia Luz,2
Ministério Vineyard,2
Chris Tomlin;Audrey Assad,2
Sierra Hull,2
Celso Blues Boy,2
The Panasdalam,2
Cidade Negra,2
Anna Hamilton,2
Lúc,2
Moderatto;KAROL G,2
Big Country Bluegrass,2
Keisha White,2
Ricardo Lemvo,2
Andrés Calamaro;Sebastian Yatra;Leiva;Ivan Ferreiro,2
Haruka Tomatsu,2
Bal-Sagoth,2
Ina Forsman,2
Lusaint,2
Carly Lyman;Jason Lux,2
yanaginagi,2
Tommy Emmanuel,2
Eddie van der Meer,2
Torby Brand,2
Lack Of Afro;Wax;Herbal T,2
Istapp,2
Racionais MC's;DJ Cia,2
Michael W. Smith,2
Birileri,2
Los Fabulosos Cadillacs,2
Andrés Calamaro;Julio Iglesias,2
Zé Bigode Orquestra,2
Aleks Syntek,2
LCD Soundsystem,2
The Isaacs,2
Gustavo Santaolalla;Alan Umstead,2
Clint Mansell;Kronos Quartet,2
Israel Salazar;Gabriel Guedes de Almeida,2
Thee Commons,2
The Chemical Brothers,2
No Doubt;Bounty Killer,2
Semisonic,2
Mgła,2
Bethel Music;kalley,2
Sevyn Streeter,2
Marika Hackman,2
MindaRyn,2
Big Up,2
Felp 22;Medellin;JP Diazz,2
Speedometer,2
Phosphorescent,2
O. B. Buchana,2
Hannah's Yard,2
Los Estramboticos,2
Sheba Potts-Wright,2
Warmoon Lord,2
Vintersorg,2
Peter Frampton,2
The New Mastersounds;Eddie Roberts;Lamar Williams Jr.,2
yeule,2
Kvaen;Pierre Törnkvist,2
Kenny Baker,2
Once Mekel,2
Jeff Floyd,2
Sumo,2
The White Stripes;The Glitch Mob,2
Library Tapes,2
ENHYPEN;YEONJUN,2
DISH//,2
Welshly Arms,2
Uada,2
The Bamboos;Washington,2
Solar Fields,2
Ella Fitzgerald;Louis Jordan & His Tympany Five,2
Jason Mraz;Colbie Caillat,2
Third Eye Blind,2
Nifelheim,2
Black Messiah,2
The J. Geils Band,2
Diante do Trono;Ana Paula Valadão,2
Chad Hates George,2
TJ Cream;Marko,2
ZAQ,2
Celestial Alignment,2
Theatres Des Vampires,2
Eddy Tyler,2
BaianaSystem;Tonho Matéria,2
The Servant,2
Static-X,2
Gehenna,2
Interpuesto,2
De Moi,2
Ludovico Einaudi;I Virtuosi Italiani,2
JD McPherson,2
Charlie Brown Jr.;Marcelo Nova,2
Theishter,2
George Thorogood & The Destroyers,2
Blame Jones,2
Apes of the State,2
Kyson,2
Philip Glass,2
Lacee,2
Ol' Dirty Bastard,2
Odina,2
Lauge;Baba Gnohm,2
Z.Z. Hill,2
509-E;Dexter;Afro-X,2
Dave Barnes,2
Bethel Music;Jeremy Riddle,2
Odraza,2
David Quinlan,2
Rustage;Shwabadi,2
The Wallflowers,2
Sielunvihollinen,2
Mysticum,2
David Gilmour,2
Rodolfo Abrantes,2
Rival Consoles,2
Les Discrets,2
Sarah Téibo,2
Norman Blake;Tony Rice,2
Colin & Caroline,2
The New Mastersounds;Eddie Roberts,2
O Rappa;Maria Rita / 1134893,2
Dr. John,2
Kazuyoshi Saito,2
Austin Plaine,2
Thorns,2
Des Rocs,2
Eden Elf;Ren Avel,2
Chris Tomlin;Lauren Daigle,2
Dear Gravity;Simon Wester,2
Vendredi;Son&Dad,2
Obscurity,2
Tim O'Brien;Darrell Scott,2
sasanomaly,2
Uncle Earl,2
The Louvin Brothers,2
Buyepongo,2
Hillsong UNITED;TAYA,2
Living Colour,2
Heloisa Rosa,2
The Daktaris,2
Hania Rani,2
Joel Grind,2
Mystifier,2
Maretu,2
The Rigs,2
Boyce Avenue;Rachel Grae,2
Eric Lumiere,2
Peter Gregson;Richard Harwood;Reinoud Ford;Tim Lowe;Ben Chappell;Katherine Jenkinson,2
YUZU,2
Moderatto;Danna Paola,2
Bethel Music;Jenn Johnson;Michaela Gentile,2
Yoko Takahashi,2
Peter Bradley Adams,2
The Velvet Underground,2
Skank,2
Alice In Chains,2
Stone Temple Pilots,2
Mike Marshall;Edgar Meyer;Béla Fleck,2
Daniel Robinson,2
Oba Reengy,2
DOES,2
IFÁ;Okwei V. Odili,2
Higuchi Ai,2
Novo Amor;Gia Margaret,2
Kampfar,2
Sabbat,2
Louis Prima;Keely Smith;Sam Butera & The Witnesses,2
Padre Zezinho,2
Bandalos Chinos;Adan Jodorowsky,2
Buena Onda Reggae Club,2
Goldmund,2
Lebrado,2
Calle 13;Rubén Blades;La Chilinga,2
Andrés Calamaro;Vicentico,2
Yarn,2
Canção & Louvor,2
Lupa,2
Meiko,2
Charlie Brown Jr.;RZO,2
Gabriel Yared,2
Skyforger,2
Jim & Jesse,2
El Cruce,2
Clementine Duo,2
Creep Hyp,2
Chilly Gonzales,2
Alabama Shakes,2
Renascer Praise,2
GAYLE;blackbear,2
Bethel Music;Brian Johnson,2
EMPiRE,2
The Neighbourhood;Syd,2
Jae Hall,2
Luis Alberto Spinetta,2
Shiki-TMNS;Kodama Boy;Big Gay,2
Zeca Baleiro,2
Esteman;Paula Pera y el fin de los Tiempos,2
Newsboys,2
Morten Myklebust,2
Manal,2
MISAEL,2
You Me At Six,2
The Broken Circle Breakdown Bluegrass Band,2
El Hijo De La Cumbia,2
FantasticYouth,2
Celtic Frost,2
Nathaniel Rateliff & The Night Sweats,2
Highland Peak,2
Inhaler,2
Free,2
Strike,2
Traffic,2
Fabio Brazza;Luccas Carlos;Vulto,2
Flört,2
Weathers,2
JUNNA,2
Jefferson Airplane,2
Yeah Yeah Yeahs,2
Everclear,2
Bobby Hicks;Doyle Lawson;J.D. Crowe;Jerry Douglas;Todd Phillips;Tony Rice,2
Menahan Street Band;Saundra Williams,2
RAC;Louis The Child,2
Rico Nasty;Flo Milli,2
Africania,2
Engenheiros Do Hawaii,2
The Killers;Phoebe Bridgers,2
Velho,2
Josh Williams;Don Rigsby;Kristin Scott Benson}Ron Stewart;Missy Raines;Randy Kohrs,2
Alison Brown,2
Live,2
7!!,2
Borknagar,2
"\"Melvin Taylor;Lucky Peterson;Titus Williams;Ray \"\"Killer\"\" Allison\"",2
Gustavo Santaolalla;Diego Luna,2
Doc Watson;Merle Watson,2
The Bongo Hop;Maikcel,2
Harakiri for the Sky,2
X Ambassadors;Jensen McRae,2
佐々木恵梨,2
Dan Auerbach,2
Albert Collins,2
Femi Kuti,2
Fito Paez,2
Ravyn Lenae;Doechii,2
Elea;Bahramji,2
Adam Steffey,2
Comunidade Católica Shalom,2
Aoi Teshima,2
Random Forest,2
ACE COLLECTION,2
Lucy Rose,2
Gustavo Santaolalla;Don Markese;Braulio Barrera;Javier Casalla;Anibal Kerpel,2
Ludovico Einaudi;Ana & Sven,2
jon-YAKITORY;Ado,2
Thiago Brado,2
Rail Yard Ghosts,2
Roger Eno;Scoring Berlin,2
小畑貴裕,2
Andrés Calamaro;Juanes;Niño Josele,2
Luke Howard;Jess Gillam;Jess Gillam Ensemble,2
Landon Pigg,2
Bailey Rushlow,2
Ravyn Lenae,2
Arckanum,2
Brandon Chase,2
Michael Nyman;Michael Nyman Band,2
Valkyrja,2
Desaster,2
Amos Lee,2
Highly Suspect,2
Meridian Brothers,2
Fuel,2
Arno;Sofiane Pamart,2
Michael Nyman,2
FictionJunction;LiSA,2
Jesper Munk,2
Jlyricz,2
Monomono,2
Jim and Jesse and the Virginia Boys,2
Gabriel O Pensador,2
Capital Inicial,2
Phillip LaRue,2
Steve Earle,2
Chilly Gonzales;Johannes Bornlöf,2
Unspoken Tradition,2
Yuki Hayashi;Asami Tachibana,2
Boyce Avenue;Megan Nicole,1
Brendan James,1
Mon Laferte;Juanes,1
Anime Piano Dreamers,1
South Austin Jug Band,1
B.B. King;John Mayer,1
Don L;Flora Matos,1
Grace Petrie,1
Gatlin,1
Bethel Music;David Funk,1
Bethel Music;Jenn Johnson;Mitch Wong,1
Dhamika,1
Akari Kito,1
Body Void,1
Belzebubs,1
The Carter Family;Johnny Cash,1
Sir Charles Jones;Calvin Richardson;Omar Cunningham,1
Kellen Byanca;Kiara Vitória,1
Renato Russo;14 Bis,1
The Bamboos;Kylie Auldist,1
Camilo Séptimo;Samantha Barrón,1
Perlo,1
Brian Eno;David Byrne;Giacomo Baldelli,1
Hania Rani;Fejká,1
Ken Arai;NSZX,1
frad;Hayne;Milky Day,1
Berioska,1
Månegarm;Lea Grawsiö Lindström,1
Old Crow Medicine Show;David Rawlings,1
Watkins Family Hour;Jon Brion,1
Golden Earring,1
BK;Nave;El Lif Beatz,1
Missionário Shalom;Thiago Brado,1
Drei Rana,1
Caribou Mountain Collective,1
Nação Zumbi;Marisa Monte,1
Ice Seguerra,1
Assagai,1
伊藤美来,1
Bynmc;MegaR;ZerØ,1
ChouCho,1
Lifvsleda,1
SuidAkrA,1
Nocturnal Depression,1
Renato Russo;Erasmo Carlos,1
Amanda Ferrari,1
Jonah Baker;Sara Phillips,1
She/Her/hers,1
Rehmahz;Asha Elia,1
畠中 祐,1
Mountain,1
Big Yayo;Omar Cunningham,1
Major RD;Rock Danger;Raffé;El Lif Beatz,1
Boyce Avenue;Megan Davies;Jaclyn Davies,1
Pompi,1
Sarah Téibo;Jason Nicholson-Porter;Tehillah Daniels,1
La Verbena Popular,1
μ's,1
Dødheimsgard,1
Andrzej Zaucha,1
Central 3;André Aquino,1
Fraternidade São João Paulo II;Ir. Samuel Maria,1
Ingrid Michaelson;AJR,1
AcousticTrench,1
Rosie Thomas;The Shins;Sufjan Stevens;Josh Ottum,1
Los Amigos Invisibles;Ferraz,1
Dornenreich,1
J.D. Crowe,1
The Jon Spencer Blues Explosion,1
Adam Jensen;ToWonder;Severo,1
Tommy Bolin,1
William Fitzsimmons,1
Voilaaa;Renaud Bilombo,1
The New Mastersounds;Jeff Franca;Lamar Williams Jr.,1
The Mighty Imperials;Joseph Henry,1
Eashwar Subramanian,1
Doblecero;Bastián Cortés,1
Shemhamforash,1
Eshtadur,1
Totalselfhatred,1
Der Tod und die Landsknechte,1
Jim Vancleve,1
Nelsinho Corrêa;Ana Lúcia,1
Marcelo D2;Claudia,1
Sabotage;Helião;Cascão;DJ Cia,1
Samuca e a Selva;Criolo,1
Kutiman,1
Justin Moses,1
We The Heathens,1
Sarah Téibo;Fred Hammond,1
Ne Jupiter,1
QUEEN BEE,1
luvbyrd,1
DeGoBooM,1
Bleeker,1
Mindy Gledhill,1
Shikao Suga,1
El Michels Affair;Lee Fields;The Shacks,1
Capital Inicial;Seu Jorge,1
Krmoni,1
Rael,1
Rose Nascimento;John Nascimento,1
Altamira;Stanley Castro;Thebosh,1
Casa Worship;Léo Brandão;MOVER,1
Jimmy Rogers,1
Dirk Maassen,1
Leon Vynehall,1
Eve;Uta,1
Rustage;HalaCG,1
UNISON SQUARE GARDEN,1
De Profundis,1
Bill Monroe & His Blue Grass Boys,1
The Show Ponies,1
Ella Fitzgerald;The Delta Rhythm Boys,1
Camila Holanda,1
Gabriela Gomes;Rapha Gonçalves,1
Lorhann,1
Vivid Color,1
La Vela Puerca;Emiliano Brancciari,1
Kavinsky;The Weeknd,1
Hikaru Shirosu,1
Dom Zły,1
The Seldom Scene;Emmylou Harris;Tom Gray;John Starling,1
Don Reno;Bill Harrell;The Tennessee Cut-Ups,1
Paulo Ricardo,1
Israel Salazar,1
Damares;Canção & Louvor,1
LEALL;Nagalli,1
Bang Data,1
Voilaaa;Sir Jean;Patchworks,1
Apparat;Soap&Skin,1
Michael Nyman;Ahn Trio,1
(DOLCH),1
Yago Oproprio,1
UCLÃ;Sueth;Shoy;Mc IG,1
Camisa de Vênus,1
Kawe;KayBlack;Vulgo FK;Lucas Lucco;OTRAFITTA;Pedro Lotto,1
Jorge Drexler;Gal Costa,1
The Sound Stylistics,1
Akalé Wubé,1
Nomo,1
Incubus,1
Abel Korzeniowski;Jasper Randall;The Hollywood Studio Symphony,1
Rustage;Shwabadi;PE$O PETE;Lex Bratcher;Connor Quest!,1
kobasolo;kopi,1
Aoife O'Donovan;Taylor Ashton,1
Snowy White,1
Comunidade Evangélica Internacional da Zona Sul,1
Acústicos & Valvulados,1
Zack Tabudlo;Yonnyboii,1
Voilaaa;Rama Traore,1
Juan Ingaramo,1
Skank;Michael Fossenkemper,1
Moliy;Mellissa;Dj Radix,1
Ungfell,1
Saor,1
Rebeca Carvalho;Gabriela Rocha,1
Cat Dealers;Lukas Vane;Elise LeGrow,1
BK;JXNV$;Luccas Carlos,1
Nosa,1
Jonny Greenwood,1
Lester Flatt;Earl Scruggs;The Foggy Mountain Boys,1
Big Brother & The Holding Company;Janis Joplin,1
B.B. King;Eric Clapton,1
Slayer,1
Alexis Ffrench;Jobim Ffrench,1
白銀御行(CV:古川慎);藤原千花(CV:小原好美),1
Diabolic Night,1
Railroad Earth;OurVinyl,1
Maquiny;Orochi,1
Tyler Ward;Madysyn,1
Euforquestra;Kyle Hollingsworth,1
Jungle Fire;Felipe Gordon,1
David Sylvian,1
Roedelius;Arnold Kasar,1
Felix Rösch,1
Carl Marshall,1
Veronica Ra'elle;Lacee;Miss Portia,1
Liu;JØRD,1
Kamau;DCazz;DJ Nyack,1
Rehmahz;Limoblaze,1
BaianaSystem;ÀTTØØXXÁ,1
John Adams;Nicolas Hodges;Rolf Hind,1
The Covers Duo,1
LucasPianoRoom,1
Small Faces,1
Antônio Carlos Jobim;Frank Sinatra,1
Diego Fernandes,1
Bantunagojeje,1
Elikem Kofi,1
Las Pastillas del Abuelo;Alejandro Vazquez,1
grandson;Jessie Reyez,1
Funeral Mist,1
Bestial Mockery,1
Ronnie Lovejoy,1
Big Mama Thornton,1
BaianaSystem;Mahal Pita,1
Büyük Ev Ablukada,1
Totenwache,1
La Rata Bluesera,1
Thin Lizzy;Derek Varnals,1
Omar Cunningham,1
Central 3;Gabriela Maganete;Rapha Gonçalves,1
Rap Box;Fabio Brazza;Léo Casa 1;Gigante No Mic;Mano Fler;Zeus,1
Fernando Delgadillo,1
LOUTA,1
Kanonenfieber,1
Myrkgrav,1
Kriegsmaschine,1
Elle King;Miranda Lambert,1
Little Anthony & The Imperials,1
Maneva;MC Hariel,1
Afrocidade;Luedji Luna,1
Mike Lazarev,1
Stars Of The Lid,1
kobasolo;七穂,1
Not Half Bad,1
Pat Kalla;Le Super Mojo,1
Miyakawa-kun,1
Jake Eaw,1
Procol Harum,1
HAWK.;Reznikov;Alex Albino,1
Marcelo Aguiar,1
Yung Buda;Sem dó,1
Beans on Toast,1
Linn Brikell,1
Marc Broussard;J.J. Grey,1
Sarah Téibo;Tneek,1
Aukai,1
Mrs. GREEN APPLE;Sonoko Inoue,1
Yasuharu Takanashi;Rayden,1
Cold War Kids;Bishop Briggs,1
Elaine de Jesus,1
Pharoahe Monch,1
Speedwolf,1
Slank;The Big Hip,1
Ponto De Equilíbrio;Tati Portella,1
André e Felipe;Rebeca Carvalho,1
Dan Andriano in the Emergency Room,1
BaianaSystem;Nação Zumbi,1
Lack Of Afro;Wayne Gidden,1
Zé Bigode Orquestra;Guinu,1
LCD Soundsystem;Soulwax,1
wacci,1
Kenshi Yonezu;Masaki Suda,1
Rustage;Aizen,1
Nashville Country Chorale,1
Tihuana,1
Chord Overstreet;Deepend,1
Nkumba System;Mamani Keïta,1
The Polyversal Souls;Sir Frank Karikari,1
The Way Down Wanderers,1
Bonnie Raitt,1
Felp 22;JP Diazz;Medellin,1
Xamã;Bagua Records,1
Erin McCarley,1
Acoustic Guitar Collective,1
A Mose;Marizu,1
El Rego,1
Anthrax;Public Enemy,1
Duckwrth;Shaboozey,1
MY FIRST STORY,1
Thy Light,1
Casa Worship;Léo Brandão;Julliany Souza,1
Astúlio Nunes,1
Antonio Cirilo,1
Jonah Baker;Celine,1
Don Reno,1
Mike Barnett;David Grisman,1
The Monroe Brothers,1
The Blue Stones,1
Thalles Roberto,1
Sabotage;DJ Cia,1
Limoblaze;Marizu,1
Louis Pascal,1
Project AER;WYS,1
Foreign Fields,1
GRANRODEO,1
Yuu Miyashita;NILFRUITS,1
Buffalo Springfield,1
Felp 22;Medellin;Sueth,1
Major RD;Bagua Records;Gooba,1
Elaine Martins,1
Hillsong UNITED;Brooke Ligertwood,1
Rustage;NerdOut;Lex Bratcher;Shao Dow,1
Luma Elpidio,1
Ocote Soul Sounds;Chico Mann;Quantic,1
Bethel Music;William Matthews,1
Wraith,1
Richi Ray,1
Joe Buck Yourself,1
Fernandinho;Paula Santos,1
Raimundos,1
Fabio Brazza;Atentado Napalm,1
MV Bill,1
Haikaiss;1Kilo,1
Son Palenque;Cerrero;El León Pardo,1
Bethel Music;Brandon Lake,1
THE ORAL CIGARETTES,1
BK;Baco Exu do Blues;Luccas Carlos;Nave,1
Dalsin;Froid;KAKA,1
TJ Cream;Edz,1
Celso Piña,1
Ólafur Arnalds;Alice Sara Ott,1
Dan Tyminski;Billy Strings,1
Gary Clark Jr.;Junkie XL,1
Kamau,1
Iconili,1
Manoel Cordeiro,1
Rustage;CG5,1
Yung Buda;brTT;NIKITO,1
The Dandy Warhols,1
Max Richter;Air Lyndhurst Orchestra,1
Philip Glass;Paul Leonard-Morgan,1
Adrian Barba;omar1up,1
Songs From The Road Band,1
Bill Emerson,1
The Marcels,1
Major RD;Bagua Records;Neo Beats,1
Dubdogz;Liu;Dubdisko,1
Matthew Perryman Jones,1
Niña Dioz;Shigeto,1
Ludovico Einaudi;Gautier Capuçon;Jerome Ducros,1
Destly,1
Gabriela Vega,1
Yoth Iria,1
Peter Rowan,1
Billy Soul Bonds,1
Jopin;Saulo,1
Breakestra;Choklate,1
Erik Nieder,1
Sebastian Plano,1
UCLÃ;Sueth;Raffé,1
Murica,1
Nomade Orquestra;Russo Passapusso,1
Monophonics,1
Oh No,1
Roger Eno;Brian Eno,1
Bethel Music;Leeland Mooring,1
Tequila Baby,1
Karen Keldani;Fabio Keldani,1
Brownout;Brown Sabbath;Aaron Behrens,1
El Hijo De La Cumbia;La Dame Blanche,1
Eben;Nathaniel Bassey,1
La Gusana Ciega,1
Benoît Pioulard,1
Vargrav,1
The Bluegrass Cardinals,1
Michael Cooper,1
Cine,1
Kaiak;Viktoria Tolstoy,1
Chico Mann;Captain Planet,1
Spacecraft,1
Kvaen,1
EXNUN,1
Janis Joplin,1
Sam Tinnesz;Zayde Wølf,1
UFO,1
BRAZA,1
Nando Reis;Andrea Martins,1
Don L;Fabriccio,1
BK;Goribeatzz,1
Correatown,1
X Ambassadors;Erich Lee,1
Sunday Vibes,1
WEAVER,1
神崎エルザ;ReoNa,1
Astrud Gilberto,1
Pr. Lucas,1
Sid;Pedro Senna;Ugo Ludovico,1
Ingrid Michaelson;ZAYN,1
Los Amigos Invisibles;C-Funk;Mcklopedia,1
The Saxophones,1
Simon Wester;The Secret Place,1
Rustage;Broken,1
Joe Walsh,1
Froid;Nagalli,1
The Soul Snatchers,1
Pescado Rabioso,1
Chris Cornell,1
Amaarae;Moliy,1
Dmitri Shostakovich;Borodin Quartet,1
Jesus Piece,1
Absu,1
Sangue de Bode,1
Gabriela Gomes,1
Kutiman;Doctor Flake,1
Gorillaz;Tame Impala;Bootie Brown,1
David Helpling,1
Isaias Saad;Theo Rubia,1
Rosa de Saron;Leonardo Gonçalves,1
Samuel Messias;Midian Lima,1
Criolo;Emicida;Evandro Fióti,1
Greatman Takit,1
Gustavo Santaolalla;Otnicka,1
Rustage;Burefu,1
Groza,1
The Phantoms;7kingZ,1
3030;Rael,1
Isaias Saad;Isadora Pompeo,1
conscience,1
Rustage;Fabvl,1
Thiago Ramalho,1
MC Igu,1
Oriente,1
Boyce Avenue;Kina Grannis,1
Subhira,1
James Blake;Travis Scott;Metro Boomin,1
Max Richter;Khatia Buniatishvili,1
Rustage;Khantrast,1
Paul Williams;The Victory Trio,1
Crooked Still;Aoife O'Donovan,1
Acoustic Syndicate,1
Slank;Nirina Zubir,1
Konai,1
Costa Gold;Wentz,1
WC no Beat;Felp 22;MC Marks;Vulgo FK;Caio Passos,1
Mark Oblea,1
Gojira,1
Eric Clapton;B.B. King,1
Cristina Mel,1
TJ Cream,1
Ilover,1
Pacific Express;Jonathan Bulter,1
William Onyeabor;The Vaccines;John Hill;Rich Costey,1
Orgone;Cyril Neville,1
Divide Music,1
Nargaroth,1
Zé Ramalho;Paulinho Moska,1
Don L;Mateus Fazeno Rock,1
O Teatro Mágico,1
Brownout,1
Jor'dan Armstrong;Tim Bowman Jr.,1
Lara George,1
Café Tacvba,1
Project AER;cxlt.,1
Bethel Music;Cory Asbury;Gable Price,1
Musicality,1
Kvelertak;Nate Newton,1
ST-Saint,1
Niña Dioz;Ceci Bastida;Lido Pimienta,1
Tripswitch;Ajja,1
Pickin' On Series;Brad Davis,1
Wendell B,1
Jessé Aguiar;Misaias Oliveira,1
Sarah Téibo;Sigag Lauren;Paola Carla,1
Hania Rani;WhoMadeWho,1
Rustage;Shofu;Jhbboss,1
Padre Zezinho scj,1
Xamã;Bagua Records;Rio Santana,1
Little Walter,1
A Mose;TBabz,1
BANTU;Megaloh;Ghanaian Stallion,1
Warsaw Afrobeat Orchestra;Bosq,1
miwa,1
Earl Scruggs,1
Mike Barnett;Bryan Sutton,1
Laurie Lewis;The Right Hands;Linda Ronstadt,1
Irmã Kelly Patrícia;Padre Marcelo Rossi;Padre Fábio De Melo;Padre Reginaldo Manzotti;Padre Omar;Padre Juarez de Castro;Padre Gleuson Gomes,1
Voilaaa;Lass;JKriv,1
Bicep;Clara La San,1
Bethel Music;Emmy Rose,1
Ishome,1
8 Graves,1
Froid,1
Groove Delight;Samantha Machado,1
Augustana,1
Ólafur Arnalds;Nils Frahm,1
Matthew Harvey,1
Fandubs Jose;PurpleTheBlue,1
Mauren Mendo,1
Methrone,1
Esther Marcos;Marcelo Markes,1
Max Richter;Johannes Bornlöf,1
Dario Marianelli;Jack Liebeck;Benjamin Wallfisch,1
Olívia Ferreira,1
William Onyeabor;Hot Chip,1
LUCHS,1
Rustage;Johnald,1
Lenny code fiction,1
Forefather,1
Ben Sollee,1
The Raconteurs,1
Jaye Hammer;Till Palmer,1
Bryce Fox;StayLoose,1
Cynthia Luz;Projota,1
Consciência Humana,1
Juanafé;Los Celestinos,1
Little Simz,1
Praveen;Shankar;Srinivas;Clinton Cerejo;DJ Aftab,1
The American Dollar,1
Berioska;Animelmack,1
Kvaen;Mike Wead,1
Tsjuder,1
Urgehal,1
T. Rex,1
Willie Clayton,1
La Rata Bluesera;Federico Dannemann;Gonzalo Araya,1
Cristina Máximo,1
VOLAC;illusionize;Andre Longo,1
Cary Brothers,1
The Cameron Collective,1
Criolo;MC Hariel;Liniker;Maria Vilani;Jaques Morelenbaum,1
Rex Williams,1
Bethel Music;Dante Bowe,1
Bicep;Four Tet,1
Abbath,1
Pete Townshend,1
Froid;Alaska,1
Qveen Herby,1
Jacob Collier;JoJo,1
supercell,1
Eduardo Tejedo;Héctor Lama;Alan Piz Morán,1
Alvin Lee,1
Bruno Martini;David Hodges,1
Andrew Foy;Renee Foy;Stephan Baulig,1
物語シリーズ,1
Rustage;Eddie Rath,1
Fabvl,1
Anal Vomit,1
Billy F Gibbons,1
John Mayall & The Bluesbreakers;Eric Clapton,1
BK;Sain,1
Marcelo Markes;Sarah Beatriz,1
King Sunny Ade,1
Rustage;Or3o;McGwire,1
DIALOGUE+,1
Lee Richardson;Jonathan Murill;Tom Ford;James Cocozza;Sarah Norman,1
Black Rebel Motorcycle Club,1
The Mighty Imperials,1
Vicente Garcia,1
Ilya Beshevli,1
Rustage;Shofu;Shwabadi;Connor Quest!;Breeton Boi;954mari;PE$O PETE;Shao Dow;Lex Bratcher;Louverture;Khantrast,1
Doomsday,1
Josh Williams,1
Jack White,1
Mato Seco,1
ReStarT,1
Joshua Ali,1
Rend Collective,1
Message To Bears,1
aspidistrafly,1
Illuminine;Dominique Charpentier,1
Iván Ferrús,1
Violet Cold,1
Barry Likumahuwa;Pentatones;Matthew Sayerz,1
Sabotage;Negra Li,1
Nação Zumbi,1
BaianaSystem;As Ganhadeiras de Itapuã,1
Tony Allen;Ty,1
No Te Va Gustar;Draco Rosa,1
Skay Beilinson,1
Philip Glass;Daniel Hope;Chie Peters;Deutsches Kammerorchester Berlin;Rundfunkchor Berlin,1
Oskar Schuster,1
Igneous Flame,1
Blueridge Mountain Bluegrass Band,1
Xamã;Damassaclan;Neo Beats,1
Costa Gold;Haikaiss,1
Suely Façanha,1
Efek Rumah Kaca,1
Mary Lattimore,1
From Overseas,1
スカートとPUNPEE;スカート;PUNPEE,1
Unanimated,1
Chimarruts,1
Elaine,1
Mohan;Murali;Chandiran,1
Bethel Music;Kim Walker-Smith,1
Ludovico Einaudi;Mercan Dede,1
Joe Cocker;Jennifer Warnes,1
Yung Buda;BDK,1
Valesca Mayssa;Bruna Karla,1
Major RD;Rock Danger;Sain;Chris MC;El Lif Beatz;KIB7,1
Neulore,1
Sevyn Streeter;Chris Brown,1
Christian Löffler;Fejká,1
Project AER;Colours in Context,1
TM NETWORK,1
The Heavy;Raffertie,1
Leon Bridges;John Mayer,1
Elizeu Alves,1
Donovan Woods;Tenille Townes,1
Pat Kalla;Le Super Mojo;Bosq,1
Jor'dan Armstrong;DIXSON,1
Moliy;Juls,1
Sueño Latino;Valeria Vix;Vix,1
Fonzi M,1
Onze:20,1
Mia Rollo,1
Edy Hafler,1
Los Amigos Invisibles;Superthriller,1
Lil' Kim;Lil' Cease,1
Poemme,1
Zius Lit,1
Sabhankra,1
Puro Suco,1
Dan Berk,1
Zack Tabudlo;James TW,1
Limoblaze;Dj Horphuray,1
Peter Broderick,1
Bethel Music;Paul McClure,1
Eir Aoi;Fairlane,1
Rei Yasuda,1
Special Consensus,1
Louise Hoffsten;Albin Lee Meldau,1
Dubdogz;Bhaskar,1
Cacife Clandestino;Medellin;Lolla Sales;Predella,1
Brett Dennen,1
Sungha Jung,1
Pharozen,1
スピラ・スピカ,1
Minijau,1
Dödsrit,1
Lester Flatt;Earl Scruggs;Doc Watson,1
Wendell B;C.J.;Jason Little;Magic One,1
Major RD;Rock Danger;Azzy;Baratapai,1
Pitty,1
Rita Lee;Roberto De Carvalho,1
BaianaSystem;Mulú,1
Bloodbath,1
Dale Ann Bradley,1
Psychograss,1
Duzz;Froid;Dalua,1
Chief Checker,1
Michael W. Smith;Lady Antebellum,1
ASCA,1
ヴィヴィ(Vo.八木海莉),1
Robert Palmer,1
Jason Mraz;Meghan Trainor,1
Aberola,1
Edem Evangelist,1
Bethel Music;Josh Baldwin,1
KANA-BOON;もっさ,1
Kano,1
Abstract Void,1
Pickin' On Series;Brad Davis;Makenzie Rains,1
Sam Tinnesz;Silverberg,1
Ella Fitzgerald;Paul Weston And His Orchestra,1
Liu;GenX,1
conscience;Syndrome,1
Lord Belial,1
Kenny & Amanda Smith Band,1
The Pretty Things,1
3030;Lauana Prado,1
Knust;Luiz Lins;CMK,1
Diante do Trono;Ana Paula Valadão;MORADA,1
Sain,1
Tim Vantol,1
Ankle Grease,1
Mandrill;Michael Masser,1
Pulp,1
Helen Humes,1
BK;JXNV$;Juyè;Luccas Carlos,1
Dudu Tucci,1
Boyce Avenue;Emma Heesters,1
Anya Marina,1
Michael Logen,1
Juanafé;Demian Rodríguez,1
Peter Bjorn and John,1
Ludovico Einaudi;Marco Decimo,1
LoFoxy;Sakura,1
Tha J-SQUAD;Remix Maniacs,1
Darrell Scott,1
The Five Satins,1
Nando Reis;Cachorro Grande,1
Jhonas Serra;Gabriell Júnior,1
Bruce Molsky,1
Bad Company,1
Diante do Trono,1
Coruja Bc1,1
Jay Filson,1
Lack Of Afro;Roxie Ray,1
Maga Bo;BNegão,1
Virginia Astley,1
Tricker,1
Inferi,1
Alessandra Salles;Eros Biondini,1
Nani Azevedo,1
Azzy,1
Xamã;Mano fler;Tiankris,1
Edu Ribeiro,1
Rappin' Hood;Caetano Veloso,1
Boyce Avenue;Alex Goot,1
Fabrizio Paterlini;Johannes Bornlöf,1
Mel Waiters,1
Zarastruta;DJ Cost,1
Postcards & Polaroids;Sad Boy,1
TBabz;Naffymar,1
Calle 13;Julian Assange;Tom Morello;Kamilya Jubran,1
BaianaSystem;Buguinha Dub;Orquestra Afrosinfônica,1
Seether;Amy Lee,1
Philip Glass;Erwan Keravec,1
Ben Lukas Boysen,1
Appalachian Express,1
The String Cheese Incident,1
Dan Tyminski;Dailey & Vincent,1
Paula Toller,1
Danielle Cristina,1
Nando Reis;Samuel Rosa,1
Samuel Mariano,1
Caj Morgan,1
BaianaSystem;Cássia Eller,1
Amplexos;Digitaldubs;Leão Etíope do Méier;Lenine,1
TB1,1
Elskavon,1
Rustage;OzzaWorld,1
Rustage;Ben Schuller,1
Luccas Carlos;Gee Rocha,1
Ministério Vineyard;Nívea Soares,1
LEALL;Tarcis,1
Vendredi;ELLE,1
Oba Reengy;Yoski,1
Speedometer;Ria Currie,1
Luke Howard;Brett Kelly,1
Mike Auldridge,1
Bruna Karla,1
Kuase Nada,1
Toca de Assis;Eliana Ribeiro,1
Bea Miller;Arcane;League of Legends,1
A Rocket To The Moon,1
Rustage;DizzyEight,1
Possessed by Paul James,1
Sabotage;Sombra;Bastardo,1
Days N Daze;Juicy Karkass,1
BaianaSystem;Samba de Lata de Tijuaçú,1
Voilaaa;Hawa;Fouley Badiaga,1
El Cuarteto De Nos,1
Lamb of God,1
Grandbrothers,1
Ludovico Einaudi;Myleene Klass,1
HYDE,1
ADL;Funkero,1
Susie Suh;Robot Koch,1
Todd Carey;Ariza;Chuck Leavell,1
BaianaSystem;Makavelli;Jay Mitta,1
Les Mamans du Congo;RROBIN;João Selva,1
Samuca e a Selva;Liniker,1
Del McCoury,1
Badfinger,1
Eric Clapton;John Mayer,1
UNSECRET;Neoni,1
Pedra Leticia,1
cacique'97,1
Royal & the Serpent;Chri$tian Gate$,1
Philip Glass;Carducci String Quartet,1
Entheogenic,1
Shiki-TMNS;Hentai Dude,1
Bynmc;Kballero Rap;SoulRap,1
The Po' Ramblin' Boys;Bronwyn Keith-Hynes;Jason Carter,1
The Olympics,1
Mari Borges;Sarah Beatriz,1
Haikaiss;Salazar,1
Limoblaze;Moses Bliss,1
BaianaSystem;Tropkillaz,1
Toploader,1
Murcof;Vanessa Wagner,1
Ejsu Multimedia;Fallo;Karu,1
ドリーミング,1
Twisted Pine,1
Dick & Dee Dee,1
UNSECRET;Young Summer,1
Gabi Sampaio;Nívea Soares,1
Juanafé;Carmen Lienqueo,1
Sleeping Wolf,1
Ol' Dirty Bastard;Kelis;Rich Travali,1
Karen Dalton,1
Longview,1
Donna Stoneman,1
Ms. Jody,1
Richard Berry;The Pharaohs,1
Leoni;Dinho Ouro Preto,1
Aqualung,1
Gil Joe,1
Los Auténticos Decadentes;Fernando Ruiz Diaz,1
Loyle Carner;Jorja Smith,1
Philip Glass;Víkingur Ólafsson,1
Beau.,1
Hecate Enthroned,1
"\"Bobby \"\"Blue\"\" Bland\"",1
BaianaSystem;Makavelli;Jaymitta,1
Lo'Jo;Vincent Ségal;Robert Wyatt,1
GÅEL;Jesse Brown,1
Masato(coldrain);coladrain;Hiroaki Tsutsumi,1
Bigg Robb;Mz Jackson,1
Casa Worship;Julliany Souza;MOVER,1
Tyler Ward;Lindsey Stirling;Kina Grannis,1
Prinx Emmanuel;Grace Lokwa,1
Kutiman;Elif Çağlar,1
Rico Nasty;Marshmello,1
Luna Haruna,1
Eliana Ribeiro;Monsenhor Jonas Abib,1
Aline Barros;Comunidade Evangélica Internacional da Zona Sul,1
Siebenbürgen,1
Aline Barros;Christine D'Clario,1
Onze:20;Projota,1
Ivan & Alyosha,1
Wayne Mack,1
GÅEL,1
Tracey Chattaway,1
Nando Reis;Ana Vilela,1
Graham Colton,1
Los Auténticos Decadentes,1
Los Retros,1
Sebastián Escofet,1
anifi,1
Sister Sadie,1
Michael Cleveland;The Travelin' McCourys,1
Reggie P,1
T-Bone Walker,1
Sabotage;Chorão,1
Yung Buda;AKA AFK,1
Bella Poarch;Grimes,1
Gaahls WYRD,1
The Bobbettes,1
Zarastruta;Jean Tassy;Patricio Sid;Don,1
Cynthia Luz;Pedro Lotto;Froid,1
Madi Diaz,1
Orlando Julius;The Heliocentrics,1
Sharyn;Triple O,1
The Orb,1
Make Them Suffer;Courtney LaPlante,1
Fireside Collective,1
Nathaniel Rateliff & The Night Sweats;Julie Davis,1
Blues Saraceno,1
Kleber Lucas;Fernandinho,1
Los Amigos Invisibles;Los Auténticos Decadentes,1
Angeloh;S.O,1
Fidel Nadal,1
Traveling Wilburys,1
Meg Birch,1
Steve Pulvers,1
Linkin Park;Kiiara,1
Ludovico Einaudi;Czech National Symphony Orchestra,1
sweet ARMS,1
The Waybacks,1
Generdyn;BELLSAINT,1
Donnie Ray,1
Papas Da Língua,1
BaianaSystem;Mateus Aleluia,1
Matt Redman;Chris Tomlin,1
Aimer;Chelly,1
Musicality;mellowthemanic,1
Mr. David,1
Shannon & Keast,1
Linkin Park;Pusha T;Stormzy,1
Brian Eno;Jon Hopkins;Leo Abrahams,1
Missy Raines;Alison Brown;Becky Buller;Molly Tuttle;Sierra Hull,1
Yu Takahashi,1
A Mose;Nolly,1
Rico Nasty,1
Sleep Surgeon,1
Roger Eno;Scoring Berlin;Christian Badzura,1
MegaR;Kballero Rap,1
Mika Kobayashi,1
Norrhem,1
Gaerea,1
Three Tall Pines,1
SAINT PHNX;Jasmine Thompson,1
Antônio Carlos Jobim;Herbie Mann;João Gilberto,1
Grace George,1
Euforquestra;Alan Evans,1
Lack Of Afro;Herbal T,1
Max Richter;Elena Urioste;Chineke! Orchestra,1
Raphael Lake;Aaron Levy;Daniel Ryan Murphy,1
Sir Charles Jones;Wendell B,1
Lobão,1
Buddy Guy;Derek Trucks,1
Jóhann Jóhannsson;Joan La Barbara,1
Ceeys,1
kobasolo;えみい,1
KONGOS,1
Celestial Conscience,1
Los Amigos Invisibles;Oscar D'León,1
DECO*27,1
Claire Lynch,1
Phoebe Hunt;The Gatherers,1
Scott Nygaard,1
The Chiffons,1
Kellen Byanca,1
Roberto Diana;Muniesa,1
Bootstraps,1
Mohan;Ananya Bhat;Santhosh Venky;Sachin Basrur;H. Shreenivas Moorthi;Puneeth Rudranag;Vijy Aurs,1
Seekae;Flume,1
IA,1
The Spirit,1
Memphis La Blusera;Gustavo Borner,1
Adhemar De Campos;Nívea Soares,1
Thegust Mc's,1
Takatsugu Muramatsu,1
T.M.Revolution,1
Wilson Sideral;Rogerio Flausino,1
KVSH;Schillist,1
Chico Science;Nação Zumbi,1
Brylho,1
Sagaz,1
Joey Cape,1
Nathanael,1
Ricardo Lemvo;Makina Loca,1
Bethel Music;Kari Jobe,1
Rap Box;Cynthia Luz;Sant,1
Fabio Brazza,1
Air;Gordon Tracks,1
SawanoHiroyuki[nZk];たかはしほのか,1
Gabriel Brito;Filipe Lancaster,1
Matt Johnson;Jaclyn Davies,1
Will Moore,1
BaianaSystem;Carolaine,1
Phoria,1
Tony Anderson;Bonnie Brooksbank,1
Myuk,1
Devin Hoffman;Jessica Kline;Bronson Levy,1
Mungo Jerry,1
The King Khan & BBQ Show,1
Reignwolf,1
Fabio Brazza;Vulto;Vitin,1
BaianaSystem;Orquestra Afrosinfônica;Antonio Carlos & Jocafi,1
Princess Nokia,1
The Knocks;Dragonette,1
Vxnity,1
Deadlife,1
Grandpa Jones,1
Muddy Waters,1
Israel Salazar;André Aquino,1
Megan Davies,1
Days N Daze;Freddie Boatright,1
Batu Akdeniz,1
DizzyEight;Khantrast,1
Agrypnie,1
The Steel Wheels,1
Steve Martin;Steep Canyon Rangers;Paul McCartney,1
Sosnowski,1
Fabio Brazza;Péricles,1
Renato Russo,1
Natiruts;Toni Garrido,1
Boyce Avenue;Hannah Trigwell,1
Bobbylene,1
The New Mastersounds;Spellbinder,1
Morbo y Mambo;Andres Nusser,1
Mon Laferte;Guaynaa,1
Dmitri Shostakovich;Royal Concertgebouw Orchestra;Riccardo Chailly,1
Fejká;Rökkurró,1
Max Richter;Louisa Fuller;Natalia Bonner;John Metcalfe;Chris Worsey;Ian Burdge,1
Wim Mertens,1
Katsu Hoshi,1
CIVILIAN,1
The Black Crowes,1
Realidade Cruel,1
UCLÃ;Sueth;Real G;Sos;Duzz;Peunubeat,1
KVSH;Schillist;Ray X Ben,1
Kiara Vitória;Kellen Byanca,1
O Rappa;Marcos do Pifano e João do Pife,1
Tobey Rosen,1
Sunset & Highland,1
Mancha De Rolando,1
Daddyphatsnaps;Delta Deez,1
CABAL,1
Easter Brothers,1
Fantastic Negrito,1
Jethro Tull,1
Padre Fábio De Melo;Celina Borges,1
Yago Oproprio;Skeeter Beats,1
Marcos Freire;Anderson Freire,1
Matt Pless,1
Limoblaze;Johnny Drille,1
Joe Vasconcellos,1
Air;Beth Hirsch,1
Mansij;Max B Groove,1
Nana Mizuki,1
Rustage;GameboyJones;Tokumei;Rockit Music;Connor Rapper;Shwabadi;Deaded Yasuke;Eddie Rath;DaisyBanaisy;None Like Joshua,1
Rustage;LulunaRina,1
Hitorie,1
Kvaen;Rasmus Rova;Sebastian Ramstedt,1
Matt Taylor,1
The Cookies,1
Vitor Kley,1
Gabrielle Aplin;JP Cooper,1
Ebo Taylor;Pat Thomas;Henrik Schwarz,1
Yuko Ando,1
Sakurakou K-ON Bu,1
Edi Rock;Bagua Records;Alexandre Carlo;Marcelo Falcão,1
Cidade Negra;Lulu Santos,1
Jules Larson,1
JPEGMAFIA;Tommy Genesis,1
Gernotshagen,1
I'm With Her,1
A Família,1
Marcelo Markes,1
Rodrigo Azevedo;Fernandinho,1
RPM,1
Ciro y los Persas,1
Matooma,1
Biosphere,1
AL-90,1
ClariS,1
Khantrast;Junoflo,1
Chris Thile;Michael Daves,1
Eagles Of Death Metal,1
Samuca e a Selva;Illy,1
Sambabook;Criolo,1
Blonde Redhead,1
AL-90;FMSAO,1
Rev Theory,1
Jack White;Alicia Keys,1
Rolf Wikström,1
Agnus Dei,1
Jess Penner,1
Timoneki;Silvana Estrada,1
Gaby Moreno,1
Jesse,1
Rustage;Shwabadi;Lex Bratcher;DizzyEight;Shofu;PE$O PETE;Connor Quest!,1
Shade Empire,1
John Lee Hooker,1
Gabriel Guedes de Almeida;Gabriela Rocha,1
LUDI,1
Ray LaMontagne;Sierra Ferrell,1
Brandon Chase;Taylor Manns,1
Max Richter;Lang Lang,1
Kronos Quartet,1
Alan Bibey;Grasstowne,1
Rebeca Carvalho;Gabriel Guedes de Almeida,1
John Elliott,1
BaianaSystem;Buguinha Dub;Curumin;Edgar,1
Will Joseph Cook;chloe moriondo,1
Lights & Motion;Frida Sundemo,1
Blurstem,1
Jackie Wilson,1
Sarah Beatriz,1
Aurelina Dourado,1
São Paulo Ska Jazz;Ken Stewart,1
Akalé Wubé;Manu Dibango,1
Bola Johnson,1
The Presidents Of The United States Of America,1
yutaka hirasaka,1
Megumi Hayashibara,1
The Spencer Davis Group,1
Comunidade Evangélica de Maringá,1
Theo Rubia;AC Music,1
Kurei,1
Covers Culture,1
Criolo;Rael,1
Qyubi,1
Jóvenes Pordioseros,1
Inspector;Panteon Rococo,1
Nanawoakari,1
Sant;Stau,1
Tres Hermanas,1
Vendredi;Chrissy Dave,1
Matata,1
Lack Of Afro;Emma Noble,1
Soda Stereo,1
Kainbeats,1
Pregador Luo;Trazendo a Arca,1
Drew Holcomb;Ellie Holcomb;Drew Holcomb & The Neighbors,1
Sara Bareilles;John Legend,1
Samuca e a Selva;Onã,1
Christian Löffler;Henry Green,1
Stormlord,1
Sulphur Aeon,1
Old Salt Union,1
BaianaSystem;Buguinha Dub;Antonio Carlos & Jocafi;Orquestra Afrosinfônica,1
BJ The Chicago Kid,1
Hachioji P;Giga;Hatsune Miku;Kagamine Rin,1
BiSH,1
In Aphelion,1
Reggie P;Toya Brown,1
Jeyzer Maia,1
Padre Marcelo Rossi;Padre Adriano Zandoná,1
The Rescues,1
TJ Cream;First Fire;Marko,1
Cuca,1
Ryuichi Sakamoto;alva noto,1
Taarka,1
Bobby Osborne;Alison Brown;Claire Lynch;Rob Ickes;Sierra Hull;Stuart Duncan;Trey Hensley,1
Bobby Osborne;Alison Brown;Stuart Duncan;Trey Hensley;Sierra Hull;Tim O'Brien;Todd Phillips,1
Bondi Cigars,1
Fabiana Anastácio,1
Calle 13;Totó La Momposina;Susana Baca;Maria Rita,1
Greyboy;Bing Ji Ling,1
Bethel Music;Bethany Wohrle,1
In The Burial,1
Jerry Douglas;Paul Simon;Mumford & Sons,1
Lester Flatt;Earl Scruggs;Mother Maybelle Carter,1
Dan Tyminski;Jerry Douglas;Todd Phillips;Sam Bush;Josh Williams,1
Theo Rubia,1
Bruno Martini;New Hope Club,1
Pulse Mandala;Suseti,1
はてな,1
High Fidelity,1
Dion & The Belmonts,1
Start Rap;Filipe Ret,1
Baby Queen,1
亜咲花,1
Ljå,1
Susperia,1
Dan Tyminski;Gaven Largent,1
ADL;Sant;Raillow;Froid,1
Jor'dan Armstrong;Lowell Pye,1
Geraldo Pino;The Heartbeats,1
Wolf Alice,1
La Roux;GAMPER & DADONI,1
Peter Sandberg;Aquilo,1
Sotam;Rob;enzo dicarlo,1
Fabio Brazza;Nocivo Shomon;Jhony Mc;Krawk;Max Bo;Alves;Sid,1
Thalles Roberto;André Valadão,1
Nando Reis;Péricles,1
Agustín Amigó;Nylonwings,1
Boyce Avenue;Sarah Hyland,1
División Minúscula,1
Goldmund;Scott Moore;Emily Pisaturo,1
Ninkharsag,1
Michael Cleveland,1
The Seldom Scene,1
Nefesh Mountain,1
Raimundos;Érica Martins,1
Big Ty;Markis,1
U137,1
Opera IX,1
Emilie Mover,1
The Echelon Effect,1
Fejká;Marie Angerer,1
KM,1
New Grass Revival,1
Dwight McCall,1
Gabriela Rocha;Mariana Valadão,1
Caleb Santos;Viva Music Publishing Inc.,1
Yüzyüzeyken Konuşuruz,1
Roberto Cacciapaglia;Royal Philharmonic Orchestra,1
Tom Ashbrook,1
Pert Near Sandstone,1
Dallas Stars,1
New Bomb Turks,1
Da Problem Solvas,1
İnsan Mıyız,1
Kvaen;Mathias Lillmåns,1
Circus No. 9;Jeff Sipe,1
7Horse,1
David Quinlan;Heloisa Rosa,1
Dalsin;ALASKA,1
Instituto;Sabotage,1
Dfideliz;BK;Djonga,1
Major RD;Rock Danger;El Lif Beatz,1
Bruna Karla;Anderson Freire,1
Zack Tabudlo;Billkin,1
Max Richter;Louisa Fuller;Natalia Bonner;John Metcalfe;Philip Sheppard;Chris Worsey,1
Dmitri Shostakovich;Byron Nelson High School Symphony Orchestra;Gary Keller,1
Jon Hopkins;Kelly Lee Owens;Sultan + Shepard;Jerro,1
Louis Capone,1
Rustage;Shwabadi;Connor Quest!;Kiwwi,1
Adhemar De Campos;Pregador Luo;Fernandinho;Nelson Bomilcar;Rodrigo Campos;Rachel Novaes;Ronaldo Bezerra;Davi Sacer;Soraya Moraes;Luiz Arcanjo;Ana Paula Valadão;David Quinlan;Christie Tristão;Daniel Souza;Massao Suguihara;Nívea Soares;Orquestra Filarmônica de São Caetano do Sul,1
Paulo Neto,1
Yung Buda;Ok Goos,1
Penny and Sparrow;Stephanie Briggs,1
Becca Folkes;Happi,1
Virus,1
Black Veil Brides,1
The Struts,1
Mephorash,1
Mac Wiseman;The Osborne Brothers,1
Marcelo Markes;Juliano Son,1
Emmanuel Horvilleur;Zoe Gotusso,1
SuenaTron,1
Nils Frahm;Johannes Bornlöf,1
茅原実里,1
Kainbeats;softy,1
Christ Agony,1
Greensky Bluegrass;Holly Bowling,1
SafetySuit,1
Ethan Loukas,1
Limoblaze,1
Comisario Pantera;Luis Humberto Navejas,1
Isengard,1
Angrrsth,1
Winterfylleth,1
The Lonesome Trio,1
Ella Fitzgerald;Count Basie,1
Elvin Bishop,1
Sotam;JOTA,1
Hevo 84,1
Gabriel Elias;Vitor Kley,1
Limoblaze;Emandiong,1
Tinashe;ScHoolboy Q,1
Jóhann Jóhannsson;Air Lyndhurst String Orchestra;Anthony Weeden,1
HalcyonMusic,1
Moribund Oblivion,1
FBC;VHOOR;Mariana Cavanellas,1
John Frusciante;Josh Klinghoffer,1
Michelle Featherstone,1
"Defiance, Ohio",1
Future Royalty,1
Ludovico Einaudi;Franco Feruglio;Mauro Loguercio;Gabriele Baffero;Antonello Leofreddi;Marco Decimo,1
syudou,1
TrackGonEat,1
Palademix;Nostalgic,1
照井順政,1
Honeybucket,1
Zayde Wølf;Ruelle,1
The Love Doctor,1
Banda Giom;Anderson Freire,1
Maga Bo;Mestre Camaleão,1
Gorillaz;Kali Uchis,1
Max Richter;Maksym Rzemiński;Radom Chamber Orchestra;Dawid Runtz,1
Kronno Zomber,1
Meychan,1
Venom,1
The Great Old Ones,1
Puro Suco;BEATDOMK,1
Padre Agnaldo José,1
Hugh Masekela;Gugu Shezi,1
Khantrast;Musicality;mellowthemanic;Fabvl,1
Hiroaki Tsutsumi;桶狭間ありさ,1
Seth,1
Armored Dawn,1
Adam Christopher;Dan Berk,1
Roger Eno,1
Kyson;Young & Sick,1
Bynmc;BenderCat,1
Mountains vs. Machines,1
Ana Gabriela,1
Corporate Hearts,1
Jorge Drexler;Sebastián Prada,1
Tony Allen;Damon Albarn,1
Afrocidade;Nildes Bomfim,1
Alogte Oho & His Sounds of Joy,1
梶浦 由記,1
Amatsuki,1
Delino Marçal;Midian Lima,1
Ls Jack,1
OQuadro;Jorge Du Peixe,1
aswekeepsearching;Shankuraj Konwar,1
Kiko Blac,1
Mutiilation,1
Panopticon;Amebix,1
Eddie Vedder;Nusrat Fateh Ali Khan,1
Nero X,1
Abayomy Afrobeat Orquestra;Orlando Julius,1
A Mose,1
Michael Nyman;Johannes Bornlöf,1
Nibana,1
Cö Shu Nie;Naeleck,1
Jackie Neal,1
Stella Laura;Valesca Mayssa,1
Plamina,1
OQuadro;Dimak,1
Sick Puppies,1
Appalachian Road Show,1
Doc & Merle Watson,1
B.B. King;Paul Carrack,1
Thiago Brado;Frei Gilson,1
Cidadão Quem,1
Jon McLaughlin,1
Cannon's Jug Stompers,1
Masaki Suda,1
Shoko Nakagawa,1
Zarcort;Kronno Zomber,1
Cruachan,1
Division Speed,1
Carbonas,1
UCLÃ;Major RD;Sos,1
Jamily,1
Marcelo Markes;André Aquino,1
Rosa de Saron;Pe. Fábio de Melo,1
Eddie Vedder;Cat Power,1
Voilaaa;Lass,1
Moliy;P.Priime,1
Jeff Beck,1
Davi Sacer,1
Marcos Antônio,1
ADL;MC Cabelinho;Kmila Cdd;Orochi;Cesar Mc;Edi Rock,1
Jack Savoretti,1
Eastmountainsouth,1
Philip Glass;Valentina Lisitsa,1
Daddyphatsnaps;PE$O PETE,1
Sam Bush,1
Gary Moore;Phil Lynott,1
Monique Ford,1
Sandra De Sá,1
Síntese,1
Don L;Diomedes Chinaski,1
Aqualung;Kina Grannis,1
Drei Rana;Selena Marie,1
Ethan Loukas;Janine Teñoso,1
Abayomy Afrobeat Orquestra;Otto,1
Azarel;Leor,1
Los Caligaris;Pedro Fernández,1
The Screaming Jets,1
Steve Reich;Daniel Hope;Simos Papanas;Kammerorchester Basel,1
Davis John Patton,1
Kruger Brothers;Kontras Quartet,1
ADL;BK;MV Bill;Funkero,1
Catherine Feeny,1
Aidan Hawken,1
Trevor Hall,1
NORMANDY;Lynn Miller,1
BaianaSystem;VANDAL,1
Philip Glass;Nicolas Horvath,1
LiSA;Uru,1
Eternal Helcaraxe,1
B.B. King;Tracy Chapman,1
The Jeff Healey Band,1
Foli Griô Orquestra;DJ Vinimax;Cebolinha do Passinho,1
Hugh Masekela;Black Coffee,1
Gorillaz;Beck,1
Ólafur Arnalds;Bonobo,1
Sumire Uesaka,1
Justin Moses;Barry Bales;Bryan Sutton;Michael Cleveland;Sierra Hull,1
Dinah Washington;Brook Benton,1
Eyshila;Fernandinho,1
Calle 13;Silvio Rodríguez,1
La Portuaria,1
Ludovico Einaudi;Amsterdam Sinfonietta;PMCE Parco Della Musica Contempornea Ensemble,1
Kaoru Wada,1
CHTHONIC,1
Cornmeal,1
Ponto De Equilíbrio;Gabriel O Pensador,1
La Franela,1
Tony Trischka,1
Pickin' On Series;Brad Davis;Lou Ann Price,1
The Railsplitters,1
Plebe Rude,1
Ximena Sariñana,1
Octavian;Skepta,1
Bethel Music;Kristene DiMarco,1
Kaitlyn Aurelia Smith,1
Niklas Paschburg;Andy Barlow,1
In The Woods...,1
Blues Delight,1
The Native,1
Sylvain Chauveau,1
Jisatsu;Elijah Lee,1
Summoning,1
Ten Years After,1
John Mayall & The Bluesbreakers,1
The Coasters,1
Natiruts;Jacob Hemphill,1
Vera Loca,1
Brownout;Brown Sabbath;Alex Maas,1
Bethel Music;Cory Asbury;Naomi Raine,1
Hello Sleepwalkers,1
藤川千愛,1
高木さん(CV:高橋李依),1
Nellie Tiger Travis,1
Paulo Cesar Baruk;Leonardo Gonçalves,1
Cristo Vivo,1
Murica;BEATDOMK;Jean Tassy,1
Erato;Charlotte Almgren,1
ST-Saint;Mark Asari;Reblah;678NATH;Raptist & Marko;Leslie Skye;Zelijah & Konola;Gtay;Nizzy Nath;JL Poleon,1
TJ Cream;Beloved Music,1
Sophie Hutchings,1
Desolate Horizons,1
Empyrium,1
Nachtmystium,1
Alcest;Perturbator,1
Dan Tyminski;Molly Tuttle,1
Keller Williams;Bob Weir,1
Nívea Soares;Isaias Saad,1
Boyce Avenue;Connie Talbot,1
Allman Brown;Liz Lawrence,1
Matt White,1
J-Que Beenz,1
The Bongo Hop;Dafuniks,1
Rustage;GoldenEMP,1
halca,1
Theodis Ealey,1
Rebeca Carvalho;Lukas Agustinho,1
Soothsayers,1
Ebo Taylor;Uhuru-Yenzu,1
Oneness Of Juju,1
Lack Of Afro;Elliott Cole,1
Clutch,1
Ratones Paranoicos,1
Fous De La Mer;Clair Dietrich;J.C. Fous de la mer,1
Alison Krauss;Brad Paisley,1
Tony Joe White,1
Alugiana,1
AO Cubo,1
C.W. Stoneking,1
Lijadu Sisters,1
Dos Santos,1
Foreign Air,1
Ólafur Arnalds;Lavinia Meijer,1
Darzamat,1
Pouca Vogal,1
Angelina Cruz,1
Yaşlı Amca,1
A Winged Victory for the Sullen;Adam Bryanbaum Wiltzie;Dustin O'Halloran,1
Tersivel,1
Suellen Brum,1
Ministério Sarando a Terra Ferida,1
Los Daniels,1
Sotam,1
Amy Stroup,1
Zak Manley,1
Dine,1
Rustage;Louverture;The Kevin Bennett,1
Jisatsu,1
The Blues Brothers,1
Grand Funk Railroad,1
Eli Soares,1
Adriana Arydes,1
La BOA,1
Dmitri Shostakovich;Russian State Symphony Orchestra;Dmitry Yablonsky,1
Öwnboss;Sevek,1
Anderson Freire;Midian Lima,1
Delino Marçal;Bruna Karla,1
Projota;Nando Reis,1
Boyce Avenue;Tyler Ward,1
The Score;blackbear,1
Curren$y;August Alsina;Lil Wayne,1
Bethel Music;Steffany Gretzinger;Amanda Cook,1
SoulBeatz,1
Danie Green,1
Foghat,1
Oriente;Ferrugem,1
Dalsin;Alaska;Gioprod,1
Beyond The Guitar,1
Los Amigos Invisibles;Kinky,1
The Bongo Hop;Nidia Gongora,1
Foli Griô Orquestra;Carlos Malta;Dofono de Omulu;Ekedi Nicinha,1
Tony Allen;Damon Albarn;Ty,1
half•alive,1
Dustin O'Halloran;Hauschka,1
Slabdragger,1
Vader;Maciej Taff,1
Keller Williams with The Travelin' McCourys,1
Eyshila;Weslei Santos,1
Choice;Xamã,1
Xamã;Bagua Records;Portugal No Beat;Xavi,1
Cartel Mcs;Sain,1
Zimbra,1
Froid;Menestrel,1
Febem;CESRV,1
Andrew Foy,1
Kenzie Smith Piano,1
Somos Nós A Justiça,1
Brett Dennen;Benedict Cumberbatch,1
Austin Basham,1
ATR;Luedji Luna,1
Greyboy,1
Tierra Whack,1
Ólafur Arnalds;Arnór Dan,1
Tim Story,1
Isaias Saad;John Dias,1
Leonardo Gonçalves;Kemuel,1
Matheus Balo,1
OQuadro,1
Lil' Kim;The Notorious B.I.G.,1
Ludovico Einaudi;Miloš Karadaglić,1
Taeko Onuki,1
Liturgy,1
Andy McKee,1
Jack Bruce,1
Padre Marcos,1
Anna Nalick,1
Voilaaa;Sir Jean,1
Tony Anderson;Chris Coleman,1
Capcom Sound Team,1
Mountain Heart,1
Watkins Family Hour;Sara Watkins;Sean Watkins,1
Adhemar De Campos;Orquestra Filarmônica de São Caetano do Sul,1
Esteban Tavares,1
EJ De Perio,1
Laura Jane Grace,1
Ingrid Michaelson;A Great Big World,1
BaianaSystem;Roberto Mendes,1
Fela Kuti;Afrika 70,1
Bombay Bicycle Club,1
Lucybell,1
Rustage;Fabvl;None Like Joshua;Connor Quest!;Eddie Rath;iBringDaLULZ;Cdawgva;Zach Boucher;Shwabadi;Divide Music;GameboyJones;Shao Dow;DizzyEight;FrivolousShara;DiggzDaProphecy;Dreaded Yasuke;BassedOlaf;Daddyphatsnaps,1
Nidingr,1
Dawn Of Ashes,1
Mizmor;Thou,1
Barathrum,1
The Greencards,1
Nívea Soares;Gabriela Rocha,1
Xamã;Jailhouse;Neo Beats,1
El Rego;Kill Emil,1
Dele Ojo,1
The Neighbourhood;Young Saab,1
The Score;XYLØ,1
Mos Def,1
Marcelo Falcão;Cynthia Luz,1
Rodrigo y Gabriela,1
Todd Carey,1
BaianaSystem;Liz Reis,1
La Cumbia Chicharra;Emilie Rambaud,1
The Sugarman 3,1
Tony Allen With Africa 70,1
Cookiee Kawaii;Dear Silas,1
Ólafur Arnalds;Reykjavík Recording Orchestra,1
Extreme Music,1
Sant;LP Beatzz;Costa Gold,1
Apollo Fresh,1
Bruce Faulconer,1
Rotting Christ;Lars Nedland,1
Vermilia,1
Eli Soares;Álvaro Tito,1
Dunamis Music;Rapha Gonçalves;MORADA,1
Dmitri Shostakovich;Boris Giltburg;Royal Liverpool Philharmonic Orchestra;Vasily Petrenko,1
Zarcort;Eva Ruiz,1
Dow Raiz;Lino Krizz,1
Armando Filho,1
A Great Big World;Futuristic,1
Samuca e a Selva;Luedji Luna,1
Líom,1
SNJ,1
Gisele Nascimento,1
krissy & ericka,1
Bethel Music;Melissa Helser,1
Dold Vorde Ens Navn,1
Vieux Farka Touré;Khruangbin,1
Isaias Saad;LUDI,1
Nando Reis;Arnaldo Antunes,1
Maneva;Gabriel Elias,1
Mato Seco;Nazireu Rupestre,1
Marc Broussard,1
Parker Jenkins,1
Calibretto 13,1
Las Pelotas,1
Ludovico Einaudi;Greta Svabo Bech,1
Leandro Borges;Vanilda Bordieri,1
UCLÃ;Peunubeat;Sueth;Duzz;Sobs,1
Palavrantiga,1
Leoni;Herbert Vianna,1
SANNA NORTH,1
Nefesh Mountain;Sam Bush;Jerry Douglas,1
NewTown,1
Raphael Lake,1
The Flamingos,1
Xamã;Bagua Records;Luccas Carlos,1
Yago Oproprio;Patricio Sid,1
Major RD;Raffé,1
BaianaSystem;Orquestra Afrosinfônica,1
Limoblaze;Ada Betsabe;Principal,1
Tony Allen;T$unami811,1
Aoife O'Donovan,1
All Good Things,1
Ministerio Ipiranga,1
Sant;Mc Marechal,1
Soothsayers;Village Cuts,1
São Paulo Ska Jazz;Zem Audu,1
Bad Wolves,1
SCREEN mode,1
MegaR;Nyako,1
Inheres,1
Makalister;BK;Menestrel;Djonga;Sant;JXNV$;Pineapple StormTv;Slim Beat,1
BK;JXNV$;Mayra Andrade,1
Greyboy;Nino Moschella,1
Mark & Sarah Tillman,1
Hania Rani;Ólafur Arnalds,1
Actress,1
渕上 舞,1
Nando Reis;Pitty,1
Marcelo Falcão;Filipe Ret,1
Limoblaze;Lecrae;Happi,1
Los Caballeros De La Quema,1
Constance Demby,1
Armand Amar;Lévon Minassian,1
Centimillimental,1
Laharl Square;omar1up,1
Batushka,1
David Brinston,1
James Gang,1
Bidê ou Balde;Renato Borghetti,1
Cássia Eller;Renato Russo,1
A Fine Frenzy,1
Unkle Bob,1
for KING & COUNTRY,1
Rustage;DizzyEight;Dreaded Yasuke;Savvy Hyuga;Connor Rapper;GameboyJones;None Like Joshua,1
Rustage;TOPHAMHAT-KYO,1
tills chills,1
Sweet,1
UNSECRET;Sam Tinnesz;GREYLEE,1
Jota Quest;Jão,1
Sant;Onni;Angola;Guizo,1
Hektombe,1
Saint Chaos;Sam Tinnesz,1
Michiru Aoyama;Marty Hicks,1
Hiroaki Tsutsumi;Toft Willingham;Chez;Jessica Gelinas,1
Della Mae;Avril Smith;Alison Brown,1
Valesca Mayssa;Stella Laura,1
Xamã;Bagua Records;CMK;Major RD,1
Trevor Hall;Marieme,1
Eldamar,1
Nando Reis;DUDA BEAT,1
Mãolee;BK;Filipe Ret,1
Kutiman;Dekel,1
Shiro Sagisu,1
Vader,1
Gorgoroth,1
Samuel Messias;Sarah Farias,1
Febem;Pizzol,1
Kemuel;Rebeca Carvalho,1
Gilles Peterson's Havana Cultura Band,1
Amaarae;Kali Uchis;Moliy;xxtristanxo,1
shirobeats;Trap Music Now;JOEHDAH,1
Kenne' Wayne,1
Soraya Moraes,1
Leonardo Gonçalves,1
Dibob,1
Lack Of Afro;Camila Recchio;Wax,1
Panteon Rococo;Santa Fe Klan,1
Kid Rock,1
Månegarm;Ellinor Videfors,1
Këkht Aräkh,1
Triptykon,1
Tony Rice;Vassar Clements;Jerry Douglas;Todd Phillips;Sam Bush;Béla Fleck,1
Louis Prima;Sam Butera & The Witnesses;Keely Smith,1
Davidson Silva,1
Kaiak,1
Salty Snacks,1
The Funkees,1
Rend Collective;We The Kingdom,1
Jóhann Jóhannsson;Yuki Numata Resnick;Tarn Travers;Ben Russell;Clarice Jensen,1
al'Tyr,1
Havukruunu,1
Cult Of Fire,1
Craft,1
Robert Palmer;Eric 'ET' Thorngren,1
J. Red (The Nephew),1
Ministério Apascentar de Nova Iguaçu,1
Xamã;Bagua Records;MC Kevin o Chris,1
